ID,Date de soumission,Adresse IP,1. Le mode d’inscription en ligne,2. Le site Internet demimarathondeblainville.com,3. La page Facebook,4. L’accueil sur le site,5. Les installations,6. Les parcours,7. Les bénévoles,8. L’animation,9. La médaille,10. Le goûter du coureur,11. L’hommage aux coureurs,À quelle course avez-vous participé? (Facultatif),12. Globalement,"Commentaires (facultatifs, mais appréciés!)"
173,"September 15, 2019 6:49 pm EDT",184.163.102.129,5,4,4,4,2,4,4,4,2,1,3,5km course,2,J'ai participé au 5km et c'était la dernière épreuve. À mon arrivée et je n'étais pas la dernière et les bénévoles démontaient déjà les tables à l'arrivée.. je n'ai eu qu'une banane à me mettre sous la dent et le départ etait à midi 15 donc le ventre assé vide. Les autres participants ont eu droit à un fromage morceaux d'orange etc.&#13;&#10;Il y avait beaucoup de coureurs qui ont quitté sans savoir qu'ils étaient sur le podium dommage. Mais il faudrait avoir un moyen de retenir les gens le temps du décompte ou annoncer de ne pas partir avant les résultats.&#13;&#10;Bref un petit manque au niveau de la gestion de l'événement. La médaille faisait un peu chipette je trouve &#13;&#10;Merci quand même je sais que ce n'est pas facile d'organiser un tel événement &#13;&#10;Michelle ( 3iem au 5km et première participation à vie)
172,"September 15, 2019 3:33 pm EDT",70.30.225.102,5,4,S/O,5,5,5,5,S/O,2,4,5,"21,1km",5,les jeunes benevoles qui nous encouragaient sur le parcours etaient des plus accueuilants&#13;&#10;feliciatiens a leur participation
171,"September 15, 2019 3:02 pm EDT",66.130.111.219,5,5,5,5,5,5,5,5,5,5,5,"21,1km",5,
170,"September 15, 2019 12:18 pm EDT",45.45.28.70,5,5,S/O,4,5,5,5,5,5,4,4,10km,4,
169,"September 15, 2019 9:11 am EDT",142.217.54.123,5,5,5,4,4,5,5,4,3,5,5,10km,5,
168,"September 15, 2019 4:49 am EDT",96.22.149.8,4,3,3,4,4,5,5,4,3,3,4,"21,1km",4,"Gobelets a changer sur le parcours, impossible de boire en courant dans des gobelets durs de ce genre"
167,"September 14, 2019 9:28 pm EDT",198.13.135.75,5,5,5,5,5,5,5,5,5,5,5,10km,5,J'aurais aimée voir Bruny Surin au podium. Pas vue cette année!!! Mais j'adore cette course. Merci!! 
166,"September 14, 2019 4:18 pm EDT",50.100.115.78,5,5,S/O,5,5,5,5,S/O,3,5,S/O,5km course,5,
165,"September 14, 2019 1:08 pm EDT",45.45.41.18,5,5,4,4,4,4,4,3,1,4,3,10km,3,"Pour avoir fait le 5km l’an passé, je trouve que l’evenement était moins “WoW” que l’an passé (changements de commanditaires?!). Une foule de petites choses : d’abord la médaille vraiment décevante (ma conjointe avait hâte de la voir et elle n’a pu retenir un “elle est ben platte cette année”).&#13;&#10;&#13;&#10;L’hommage aux gagnants qui souffrait de l’absence de plusieurs participants (en plus d’une maigre foule), comme si les gens avaient hâte de quitter rapidement (rien pour inciter les gens à rester). Je ne sais pas si c’est le fait que tous soit dispersé sur le terrain de soccer (plutôt que dans le bâtiment couvert), mais ça manquait d’ambiance festive. &#13;&#10;&#13;&#10;Le réchauffement aussi, en pleine rue alors que ça aurait pu être fait devant l’estrade. On aurait vu les exercices car on devait se fier aux autres pour voir les exercices à faire.&#13;&#10;&#13;&#10;Mais le parcours est très bien et les bénévoles ont fait une super job autant à l’accueil, tout le long du parcours et à l’arrivée.&#13;&#10;&#13;&#10;Comme je dis, c’est juste quelques petites choses à améliorer et le souvenir serait bien plus positif. Au moins il neigeait pas cette année !!! &#13;&#10;&#13;&#10;Merci pour l’organisation. C’est le fun de pouvoir participer comme celui-là pas loin de la maison. &#13;&#10;&#13;&#10;A l’an prochain !"
164,"September 14, 2019 10:34 am EDT",161.216.164.135,5,5,5,5,5,5,5,3,5,4,1,"21,1km",4,
163,"September 14, 2019 10:26 am EDT",135.19.205.228,1,1,1,1,1,1,1,1,5,2,1,"21,1km",2,
162,"September 13, 2019 11:09 pm EDT",200.68.140.6,5,4,3,5,4,5,5,3,5,4,3,"21,1km",5,
161,"September 13, 2019 10:09 pm EDT",173.179.150.200,5,5,S/O,4,5,5,5,4,5,5,5,5km course,5,
160,"September 13, 2019 7:13 pm EDT",173.176.113.160,5,5,S/O,5,5,5,5,3,5,2,4,5km course,5,Il a manqué de nourriture pour le goûter!
159,"September 13, 2019 5:30 pm EDT",209.226.12.61,5,4,4,4,4,5,5,5,3,4,5,10km,4,"Pour l'an prochain, il faudrait aviser plus les coureurs qu'il y a une cérémonie de médailles pour chaque catégories. En s'assurant aussi de prévoir une grosse pancarte pour le programme de la journée avec les remises de médailles pour éviter que les coureurs(coureuses) quittent avant le temps. Merci"
158,"September 13, 2019 4:02 pm EDT",74.58.112.24,5,4,3,5,4,5,5,4,1,4,3,1km,3,
157,"September 13, 2019 1:11 pm EDT",173.178.92.27,5,4,4,4,4,5,5,3,3,4,4,10km,4,Bravo...
156,"September 13, 2019 12:43 pm EDT",192.226.200.174,1,1,S/O,1,1,1,1,1,1,1,1,10km,1,Ma première course à vie!!! J'ai été comblée!!! Merci!
155,"September 13, 2019 12:14 pm EDT",142.82.24.15,4,4,S/O,4,4,5,5,4,5,4,4,10km,5,
154,"September 13, 2019 12:05 pm EDT",166.62.239.89,4,5,4,5,5,5,5,5,4,4,5,"21,1km",5,À refaire. Merci.
153,"September 13, 2019 11:42 am EDT",66.130.195.212,5,5,4,5,5,5,5,5,5,4,4,5km course,5,Belle course et bien organiser. Merci
152,"September 13, 2019 9:51 am EDT",142.169.78.97,4,5,5,5,5,5,5,5,1,2,4,5km course,4,Médaille ordinaire ????et j’ai pas réussi à avoir un lunch je crois qu’il en manquait...
151,"September 13, 2019 9:46 am EDT",45.44.248.136,4,3,5,5,5,5,5,5,3,5,5,10km,4,
150,"September 13, 2019 9:00 am EDT",24.54.4.182,5,4,4,5,5,3,5,3,5,3,4,5km course,4,J'aurais aimé plus d'animation. Et le parcours du 5km est un peu ennuyeux.
149,"September 13, 2019 8:57 am EDT",204.48.92.24,4,4,4,4,4,4,5,4,3,2,3,5km marche,4,"Comme le 5km étais le dernier groupe a partir, il ny avait plus de collations a la fin sauf une banane. Sinon l'ambiance étais bien."
148,"September 13, 2019 6:45 am EDT",72.143.210.143,5,5,5,5,4,4,5,5,5,5,4,10km,5,Vous devriez songer au sentier du lac Fauvel ! Pour l’an Prochain. &#13;&#10;&#13;&#10;Merci 
147,"September 13, 2019 12:15 am EDT",67.69.76.11,5,5,4,5,5,5,5,5,2,5,5,10km,5,
146,"September 12, 2019 10:44 pm EDT",184.163.166.172,5,5,2,5,5,1,5,2,5,5,2,10km,5,Il manquent la case ne s'applique pas &#13;&#10;Ex je n ai pas de facebbok
145,"September 12, 2019 10:23 pm EDT",166.62.190.147,5,5,5,5,5,5,5,5,2,5,5,10km,5,Le courriel pour la trousse du coureur a été reçu à 20h la veille de l’événement. L’an passé il me semble l’avoir reçu environ 1 semaine à l’avance
144,"September 12, 2019 10:13 pm EDT",104.221.30.39,4,4,3,4,3,4,3,3,3,2,3,10km,4,
143,"September 12, 2019 9:41 pm EDT",173.179.51.97,4,3,4,2,1,4,4,1,1,4,4,1km,2,"Beaucoup moins intéressant cette année que l’annee dernier. Peu animation pour les enfants, aucun jeu, nous avons recu la même médaille que l’an passé et non la médaille de cette année. Vraiment décevant comme expérience cette annee pour les enfants.. "
142,"September 12, 2019 9:40 pm EDT",76.65.97.122,5,4,4,5,5,5,5,5,5,5,5,10km,5,Superbe site et le parcours du 10km enchanteur sous les arbres. J’ai fait plusieurs courses depuis plusieurs années et celle-ci est dans mon top 5 ! 
141,"September 12, 2019 9:38 pm EDT",70.31.251.29,5,5,5,5,5,5,5,5,4,4,5,10km,5,Il serait bien de faire le départ du demi en premier &#13;&#10;
140,"September 12, 2019 9:38 pm EDT",166.62.220.149,5,3,4,5,5,5,5,5,3,4,4,10km,5,"J’ai adoré mon expérience et je serai sûrement de retour l’an prochain! Le parcours est génial, les bénévoles fantastiques et nombreux, c’était une belle journée à tous les points de vue."
139,"September 12, 2019 9:23 pm EDT",24.48.15.107,5,5,3,5,5,5,5,5,5,4,3,10km,5,"Bonjour,&#13;&#10;Ma première expérience de 10 km à une course officielle et j'ai adoré!!&#13;&#10;Très fière de moi et d'avoir participé à votre événement. Je me suis donné comme objectif votre demi-marathon l'an prochain. Beau travail et à l'année prochaine!&#13;&#10;"
138,"September 12, 2019 9:18 pm EDT",142.169.78.136,5,5,3,5,5,3,5,5,2,2,3,"21,1km",4,Vraiment bien le site d’arrivée ????
137,"September 12, 2019 9:17 pm EDT",65.97.36.228,4,4,4,4,5,4,5,4,5,5,4,2km,4,Première expérience très agréable (quoi qu'épuisante!)&#13;&#10;à l'année prochaine!
136,"September 12, 2019 8:50 pm EDT",45.45.47.102,5,4,4,3,4,4,5,3,1,4,4,1km,3,"Ce n’est pas de votre faute mais l’accessibilité du site était plus compliquée avec les travaux.&#13;&#10;&#13;&#10;Nous avons constaté , par les commentaires entendus, que la médaille de bois n’était pas appréciée par les enfants.&#13;&#10;&#13;&#10;Une de nos filles a fait pour la 3 e année la course de 1 km. Elle a terminé sa course avec grande déception d’avoir reçu les médailles des années précédentes. &#13;&#10;&#13;&#10;Cela fait 3 ans qu’on inscrit nos filles. Pour la première fois cette année, nous n’avons pas pris les photos car elles étaient décevantes.  Nous ne savons pas si c’était les mêmes photographes....&#13;&#10;"
135,"September 12, 2019 8:24 pm EDT",23.233.197.65,5,5,5,5,5,5,5,5,1,5,5,1km,4,1- déçu que ma fille de 3ans n’es pu partir avec tout les tire de sont âge car le départ a été donner avant 11:50. Nous étions à peine une vingtaine. &#13;&#10;&#13;&#10;2-déçu qu’elle est reçu 2 vielles médailles au lieu de celle de cette événement car c'était son premier. &#13;&#10;&#13;&#10;
134,"September 12, 2019 8:22 pm EDT",24.225.160.102,5,5,4,5,5,5,5,5,5,5,5,5km marche,5,Continuez de nous en planifier. Très intéressant. Agréable de voir des familles complètes ensemble.&#13;&#10;&#13;&#10;Peux être offrir un marathon 8 kms  marche et course. Le 10 kms me faisaient peur en terme de distance. &#13;&#10;&#13;&#10;Aussi l’organiser en septembre mieux qu’en octobre. Moins froid. &#13;&#10;&#13;&#10;Très belle organisation!&#13;&#10;&#13;&#10;Svp enlevé nous jamais notre Parc Équestre! C’est un bijoux!&#13;&#10;&#13;&#10;&#13;&#10;Sonia Boutet
133,"September 12, 2019 8:19 pm EDT",174.95.241.188,5,5,4,4,4,5,4,4,3,4,5,10km,4,"Belle organisation, je prévois m'inscrire l'an prochain. Merci aux bénévoles et aux membres de l'organisation. Belle course urbaine, merci !"
132,"September 12, 2019 8:08 pm EDT",70.31.230.145,5,5,5,5,5,5,5,5,3,5,3,"21,1km",5,
131,"September 12, 2019 8:04 pm EDT",173.177.89.44,5,3,5,5,3,2,5,4,1,3,5,5km course,3,
130,"September 12, 2019 7:54 pm EDT",96.20.215.237,3,3,3,2,1,1,2,1,1,1,1,10km,1,
129,"September 12, 2019 7:43 pm EDT",23.233.140.4,5,5,1,4,4,5,5,4,3,1,3,5km course,4,À la fin du 5 km course il ne restait que des bananes comme goûter&#13;&#10;Je n’ai pas facebook
128,"September 12, 2019 7:31 pm EDT",166.62.150.231,5,5,5,5,5,5,5,5,5,5,5,"21,1km",5,"Je suis très contente d'avoir découvert ce démi-marathon. J'en ai déjà parlé à tous mes ami(e)s coureurs et coureuses.&#13;&#10;&#13;&#10;Un parcours plat, très varié (résidentiel, industriel, vert...) Cet espace couvert juste en arrivant au lieu), est génial pour se rechauffer ou simplement pour attendre.&#13;&#10;&#13;&#10;&#13;&#10;Le seul petit commentaire à faire de ma part serait ma préférence (très personnelle), d'avoir la ligne d'arrivée à la fin d'un parcours plutôt droit (et non après un virage).&#13;&#10;&#13;&#10;Un gros merci aux organisateurs et aux bénévoles qui étaient très encourageants tout au long du parcours.&#13;&#10;&#13;&#10;&#13;&#10;Merci beaucoup pour cette belle expérience !&#13;&#10;&#13;&#10;Peggy Badra&#13;&#10;"
127,"September 12, 2019 7:20 pm EDT",45.45.45.153,4,2,3,5,3,5,5,3,1,5,4,10km,4,"Manque de toilettes au départ, les toilettes intérieurs ne sont pas suffissantes. Grandes et longues lugnes d’attente aux cubicules!&#13;&#10;Il serait souhaité qu’il y ait des toilettes chimiques à l’extérieurs (sur le site du départ).&#13;&#10;Merci"
126,"September 12, 2019 7:19 pm EDT",166.62.131.187,5,4,4,5,5,2,1,2,1,3,2,"21,1km",2,Manque de bénévole.... et sérieusement la médaille en presswood avec la petite corde de cuirette .... très ordinaire !!!
125,"September 12, 2019 7:14 pm EDT",74.210.225.239,5,4,3,4,5,4,5,4,4,4,3,10km,4,"Bonjour&#13;&#10;&#13;&#10;J'ai faite 2 5 10 K c'étais très bien.&#13;&#10;Très belle installation beaucoup de conne de sécurité.&#13;&#10;La seul chose que je peux vous reprocher c'est les verres en plastique au point d'eau, prenez des verres en carton.&#13;&#10;&#13;&#10;Je vais être des votre l'an prochain.&#13;&#10;&#13;&#10;Alain Bruneau"
124,"September 12, 2019 7:02 pm EDT",45.45.27.243,4,4,1,4,4,5,5,4,3,4,4,"21,1km",4,
123,"September 12, 2019 6:48 pm EDT",137.175.133.34,5,5,5,5,5,5,5,5,5,5,5,10km,5,
122,"September 12, 2019 6:46 pm EDT",74.15.120.157,5,4,4,5,4,3,5,3,4,3,4,5km marche,4,"C'était pour moi une première participation, mais sûrement pas la dernière. Merci aux bénévoles ????????????"
121,"September 12, 2019 5:56 pm EDT",69.70.103.94,5,5,5,4,3,5,5,3,1,1,5,5km course,3,"Beaucoup moins apprécié événement que les dernières années.  Manque d'ambiance, de kiosque, de vie. &#13;&#10;Goûter minable.  Ma fillede 8 ans qui a fait le 5km, n'avait rien d'autre que des bouts de melons moches et une banane.  &#13;&#10;La médaille est originale, mais dans ma famille les adultes autant que les enfants aime mieux les vraies médaille en métal.  &#13;&#10;Nous retournerions à cette course uniquement parce que nous sommes résidents de Blainville et c'est à côté de chez nous.  &#13;&#10;Les bénévoles étaient particulièrement bien et encouragent cet année.  Bravo à eux.  &#13;&#10;"
120,"September 12, 2019 5:40 pm EDT",45.45.36.144,5,4,5,5,5,5,5,5,4,5,5,10km,5,
119,"September 12, 2019 4:59 pm EDT",69.156.206.112,5,5,5,5,5,5,5,4,5,2,5,5km course,5,Plus de nourriture pour le 5km course 
118,"September 12, 2019 4:58 pm EDT",184.163.249.137,3,3,4,2,1,1,1,2,5,3,3,5km course,2,Belle course que j’ai beaucoup apprécié. Beaux parcours bel endroit par contre la médaille en bois de placage pas fort et les photos à 40$ vraiment c’est horrible selon moi. Vous envoyer ensuite un courriel à tout le monde des photos gratuites de votre photographe mais nous ne sommes pas sur aucune d’entre elles...soit le photographe a pris la peine de photographier juste les coureurs de votre club !?!?  Je participe à environ 20 courses par année et 90% du temps on a droit à une vraie belle médaille durable et un beau paquet de photos gratuites diverses sur la page Facebook de la course en question !!! Vous améliorez ces aspects là et vous avez un événement à mon avis de haute gamme comparable à la course de NDL par exemple !
117,"September 12, 2019 4:51 pm EDT",24.50.96.40,1,2,2,1,2,2,1,2,2,2,3,"21,1km",2,
116,"September 12, 2019 4:46 pm EDT",204.48.92.23,5,5,4,5,4,5,4,4,4,5,5,"21,1km",5,"Super parcours pour le demi, plat, de beaux endroits à voir notamment le long du lac et la piste cyclable.&#13;&#10;&#13;&#10;Certains bénévoles n’encourageaient pas le long du parcours (pas à mon passage du moins) mais la plupart était bien enthousiaste et je les ai tous remerciés en passant."
115,"September 12, 2019 4:43 pm EDT",70.51.191.92,5,5,5,5,5,5,5,4,1,5,3,10km,5,
114,"September 12, 2019 4:37 pm EDT",74.58.34.180,5,5,4,5,5,5,5,4,5,4,5,"21,1km",5,"On ne voit pas l’arrivée lorsqu’on approche, un grand drapeau ou un décompte des derniers mètres serait intéressant &#13;&#10;&#13;&#10;Le bouillon chaud nous a manqué à l’arrIvée"
113,"September 12, 2019 4:31 pm EDT",104.163.175.185,4,3,3,3,3,5,4,3,1,1,3,5km course,3,"Expérience de beaucoup inférieure aux années précédentes. La médaille est la pire que j'ai vu pour une course. Si cette course était ailleurs que dans ma ville, je ne m'inscrirais plus jamais. &#13;&#10;&#13;&#10;Je préfère les anciennes dates pour la course aussi."
112,"September 12, 2019 4:30 pm EDT",135.19.174.180,5,5,5,5,5,5,5,5,5,1,5,5km course,4,"pour le 5km, il n'y avait plus de goûter"
111,"September 12, 2019 4:08 pm EDT",204.48.76.251,5,4,5,5,5,5,5,4,5,3,4,10km,5,De la musique près de l’arrivée c’est motivan pour donner un dernier effort.
110,"September 12, 2019 4:06 pm EDT",24.157.251.184,2,5,4,4,4,4,4,4,4,3,3,5km course,4,
109,"September 12, 2019 4:00 pm EDT",173.178.97.45,4,4,4,4,5,4,5,5,5,4,4,5km course,5,
108,"September 12, 2019 3:57 pm EDT",173.176.172.223,5,5,5,5,5,5,5,5,1,3,4,10km,4,
107,"September 12, 2019 3:19 pm EDT",132.219.142.104,5,5,4,5,5,5,5,3,1,5,5,10km,4,Les installations n'étaient pas prêtes quand nous avons débuté le 10km. L'animation s'est donc déroulée sans micro et sans musique.
106,"September 12, 2019 3:16 pm EDT",142.169.78.108,5,5,4,4,3,5,3,4,1,5,5,2km,4,
105,"September 12, 2019 3:15 pm EDT",135.19.197.229,5,5,5,5,5,3,5,4,4,3,4,"21,1km",4,"Les premiers 5 km de la course, la rue était en très mauvaise état ( un côté plus que l'autre )... sur le retour vers le centre équestre surtout, je me suis même tordue une cheville ! Heureusement sans blessure !! Mais sinon le reste des routes étaient belles. Pour la collation, moi j'étais ok après mon 21KM  mais des amis participais au 5km et était déçu de seulement avoir des bananes.  Sinon c'était une belle course."
104,"September 12, 2019 2:59 pm EDT",72.143.214.28,5,4,4,2,2,4,3,3,1,5,1,1km,3,Aucune photo par votre photographe du 1 km...des médailles des autres années pour le1km.... très décevant.... ce sont les coureurs de demain en plus.... ils auraient mérites d’avoir des photos eux aussi 
103,"September 12, 2019 2:43 pm EDT",67.69.76.220,5,5,5,3,3,1,1,1,1,1,1,5km course,1,"Ma fille de 14 ans de Blainville a participé au 5 km course.&#13;&#10;Elle s’est fait bousculer à plusieurs reprises, sans que personne n’intervienne. &#13;&#10;Plusieurs coureurs crachaient tout au long du parcours, où elle a dû piler dessus.&#13;&#10;Elle a remporté la 1ere place de sa catégorie, 2e fille over all. Pas de médaille mais un chandail qui convient parfaitement à son père de 6pieds/250lbs!!! Super expérience à ne pas revivre!! Je tiens également à souligner qu’elle a de loin préférer la course de Loraine qui nous a coûté la modique somme 20$ et non 44.20$.&#13;&#10;Au plaisir "
102,"September 12, 2019 2:38 pm EDT",132.219.146.137,5,4,4,5,4,5,5,5,2,4,4,"21,1km",5,Ma première course à vie!!! Très impresionné par l’organisation!!!&#13;&#10;Petite file d’attente pour les toilettes le matin mais ce b’est pas dramatique! Personnelement je n’ai pas vraiment aimé la médaille en bois mais bon! On parle vraiment de détail!!!
101,"September 12, 2019 2:25 pm EDT",184.162.147.143,1,1,1,1,1,1,1,1,1,1,1,10km,1,Les kiosques étaient trop loin après notre fin de course!&#13;&#10;&#13;&#10;Félicitations à toute votre équipe ça été une très belle organisation!!
100,"September 12, 2019 2:16 pm EDT",132.208.12.65,5,5,5,5,5,5,5,5,5,5,5,"21,1km",5,
99,"September 12, 2019 2:15 pm EDT",24.200.122.146,5,5,4,5,5,3,5,5,4,5,5,"21,1km",4,Peut-être un peu moins de quartier industriel pour le parcours du 21k mais sinon dans l'ensemble une course très bien!! Bravo.
98,"September 12, 2019 2:11 pm EDT",45.45.52.124,4,4,4,3,5,5,5,5,5,3,3,5km course,4,"Il n'y avait plus de goûter après la course du 5km.&#13;&#10;Il n'y avait personne pour nous diriger sur le site, ni de pancarte."
97,"September 12, 2019 2:08 pm EDT",142.169.78.192,1,1,1,1,1,1,5,1,1,1,1,10km,1,Globalement déçu inscrits à 3 courses et me pouvant pas être présent aucune option offertes &#13;&#10;Décevant 
96,"September 12, 2019 1:45 pm EDT",69.196.24.58,5,4,4,5,5,5,5,2,4,4,2,"21,1km",4,"Voici ce qui m'a manqué pour être une course parfaite:&#13;&#10;&#13;&#10;1) Il manquait de la musique au départ! C'est ce qui fait monter le niveau d'énergie et met dans l'ambiance pour un départ dans la bonne humeur!!&#13;&#10;&#13;&#10;2) Podium: où était-il? Pour qui était-il? Où pouvions nous prendre connaissance de notre classement à l'arrivée? J'ai su après mon départ du site (en regardant sur sportstats sur mon cellulaire) que je m'étais classé 3e dans ma catégorie, mais je n'ai jamais su (ni sur le site internet, ni sur Facebook, ni à l'arrivée), comment étaient décernés les podiums (par catégorie ou seulement par sexe)... Est-ce que j'ai manqué ma chance de monter sur une marche? &#13;&#10;&#13;&#10;Sinon dans le positif: date parfaite, la météo était géniale, super parcours (beau et plat), bénévoles nombreux, points de ravitaillement suffisants. Merci et à la prochaine!&#13;&#10;"
95,"September 12, 2019 1:28 pm EDT",24.157.251.124,5,5,4,5,5,5,5,3,5,4,5,5km course,5,
94,"September 12, 2019 1:17 pm EDT",142.169.78.241,5,3,2,4,4,3,4,3,4,2,3,"21,1km",3,"Il aurait été bien de preciser sur le site internet les aspects logistiques: stationnement, vestiaire etc. Autrement le parcours passe par une zone commerciale donc moins interessant. Sinon bonne organnisation. Selon moi la medaille est inutile mais c’est un bon geste de l’avoir faite en bois."
93,"September 12, 2019 1:11 pm EDT",142.169.78.161,5,3,3,2,2,1,5,3,5,3,4,10km,3,
92,"September 12, 2019 1:01 pm EDT",67.69.76.204,5,5,4,3,4,5,5,5,4,5,4,2km,5,"Merci pour cette belle organisation, vous étiez super. Seule amélioration j'apporterais c'est un haut parleur du côté des coureurs pour que nous entendions l'animateur annoncer notre arrivé. L'autre point venant de ma fille de 7 ans, elle veut faire le 1km parce qu'elle a eu un podium en 2km et voulait une vrai médaille comme le 1 km. Parcontre elle a bien aimé le bandeau, donc c'était un beau choix également et j'ai essayé de lui expliquer médaille ou bandeau ;). Mais peut être donner des médailles aux enfants (moins de 18 ans) sur les podiums tout dépendamment du budget. Mais en général c'était parfait ;)."
91,"September 12, 2019 12:59 pm EDT",74.58.116.73,5,5,5,5,5,5,5,4,3,4,4,2km,4,
90,"September 12, 2019 12:59 pm EDT",70.35.216.34,5,5,5,5,5,5,5,5,2,3,2,2km,4,"Le seul point que nous n'avons pas aimé, c'est que sur le podium, il n'y avait pas de médaille.&#13;&#10;&#13;&#10;Il y aurait du y avoir un podium avec médaille pour les 3 premiers (peu importe la catégorie d'âge, et des podium sans médaille pour les catégories d'âge.&#13;&#10; &#13;&#10;&#13;&#10;"
89,"September 12, 2019 12:58 pm EDT",132.204.74.133,4,4,4,5,5,5,5,5,5,5,5,"21,1km",4,"Une meilleure signalisation pour l'accès au stationnement. &#13;&#10;&#13;&#10;Sinon super course, merci."
88,"September 12, 2019 12:56 pm EDT",24.114.108.232,5,4,5,4,4,4,5,5,4,5,5,5km course,4,
87,"September 12, 2019 12:56 pm EDT",76.71.164.211,5,5,5,5,5,5,5,5,4,4,5,10km,5,Bonne décision de changer la date!!! C'était parfait. Merci!!!
86,"September 12, 2019 12:55 pm EDT",209.15.87.71,5,5,5,5,5,5,5,5,5,5,5,,5,
85,"September 12, 2019 12:46 pm EDT",184.162.68.157,5,4,3,5,5,4,5,4,4,3,5,10km,4,"Bonjour, le 10k n’avait pas 10km.  Tout ceux à qui j’ai parlé on fini le parcours en 9.9km.  Le “gap” de 100m est apparu au 2-3ème km et s’est maintenue pour le reste du parcours.  &#13;&#10;&#13;&#10;Belle organisation, merci aux bénévoles.  "
84,"September 12, 2019 12:45 pm EDT",204.48.95.40,5,5,4,5,5,4,5,3,4,4,5,"21,1km",4,
83,"September 12, 2019 12:44 pm EDT",72.143.209.33,5,5,5,5,4,4,5,3,1,4,3,2km,4,
82,"September 12, 2019 12:40 pm EDT",70.30.224.101,4,4,4,3,3,3,4,2,1,2,2,"21,1km",3,"Le prix d’inscription a la course est déraisonnable compte tenu de ce que les coureurs on eut comme services.  Pas de t-shirt et une médaille en bois...&#13;&#10;Aucune animation sur le parcours et un goûter ordinaire.&#13;&#10;Je suis assez déçu lorsque je compare à d’autres événements similaires, plus petits ou plus gros.&#13;&#10;Je serais d’accord pour payer ce prix mais si au moins, c’était pour une fondation.&#13;&#10;Dans le cas de votre course, elle servait à financer un club privé dont les parents paient déjà l’abonnement pour leurs enfants.  J’ai aussi trouvé que ce club (Chapparal...) n’était pas très présent lors de l’événement.  Je me serais attendu à ce les coachs prennent la parole pour remercier le public.  Je m’attendais aussi à ce que les membres du club soient bénévoles à l’accueil et le long du parcours.&#13;&#10;La seule raison pour laquelle je me suis inscrit est que je devais faire un demi-marathon test pour le marathon du Petit Train Du Nord.&#13;&#10;L’an prochain, si vous adoptez la même formule, je ne participerai pas.&#13;&#10;C’était bien mieux lorsque la course était à Fontainebleau (moins cher et pour une fondation) ou avec Bruny Surin.&#13;&#10;&#13;&#10;Maxime Roy"
81,"September 12, 2019 12:37 pm EDT",74.56.196.91,4,5,5,5,5,5,5,4,5,5,5,"21,1km",5,Merci pour tout. Pour ma première expérience de Demi-Marathon 21km ceci était une merveilleuse journée. À l'année prochaine.  
80,"September 12, 2019 12:34 pm EDT",142.169.78.12,5,5,4,5,2,5,5,3,1,4,4,"21,1km",4,"Installations=toilettes sur le parcours , très peu , mais pour le reste vraiment très bien ! Assurément à l’an prochain ????????"
79,"September 12, 2019 12:34 pm EDT",132.219.144.248,5,5,3,5,5,4,5,4,3,4,5,5km course,5,Il serait agréable que les gagnants des courses reçoivent une médaille 
78,"September 12, 2019 12:33 pm EDT",69.70.44.226,4,4,3,4,4,5,5,5,4,4,4,10km,4,"Toujours une belle organisation, un super parcours et des bénévoles très appréciés. Juste un peu plus dispendieux cette année et il serait intéressant d'offrir le chandail avec les inscriptions si ces dernières sont faites assez tôt.&#13;&#10;Finalement, les photos cette années étaient moins abondantes que les dernières années. J'aime le concept que certaines soient gratuites, mais il serait intéressant qu'elles le soient toutes.&#13;&#10;Merci d'organiser cet événement. La nouvelle date a vraiment permis d'avoir de la belle température. Très hâte à 2020"
77,"September 12, 2019 12:30 pm EDT",142.169.78.46,5,5,5,5,5,3,5,3,1,3,3,10km,4,"Courir sur le ptit train du nord c’est formidable. Le bout sur industriel très moyen. Vous pourriez aussi varié c’était le même parcours que l’an dernier. Médailles vraiment laide. Chandail faire des XS. Détaille la remise de médaille où, quand. &#13;&#10;&#13;&#10;Merci"
76,"September 12, 2019 12:20 pm EDT",142.182.82.179,5,5,5,4,3,5,5,4,1,5,5,"21,1km",4,"J'étais déçue qu'il n'y ait pas de structures gonflables pour les enfants.&#13;&#10;&#13;&#10;J'étais très déçue de la médaille: c'était ma 3e course à Blainville, et j'ai trouvé qu'elle était très largement inférieure à celles que j'ai reçues les autres années.&#13;&#10;&#13;&#10;J'ai trouvé que l'échauffement du début était difficile à suivre (puisque la personne qui le faisait était au même niveau que nous, sur la chaussée). On ne la voyait pas bien, et on n'entendait pas ses indications.  Il lui aurait fallu une scène plus haute et avoir un micro."
75,"September 12, 2019 12:19 pm EDT",67.69.76.155,5,5,3,4,4,5,5,4,5,5,5,10km,4,
74,"September 12, 2019 12:15 pm EDT",67.68.238.58,5,5,5,5,5,5,5,5,5,5,5,"21,1km",5,"Super événement, je veux m’inscrire l’année prochaine "
73,"September 12, 2019 12:13 pm EDT",132.211.90.125,5,5,5,5,5,5,5,5,3,5,5,10km,5,
72,"September 12, 2019 12:12 pm EDT",173.231.118.226,5,5,5,5,5,5,5,5,5,5,5,"21,1km",5,Très bel évènement! À refaire l’an prochain sans aucun doute! :)
71,"September 12, 2019 12:09 pm EDT",132.219.142.104,5,5,3,3,3,5,5,3,2,4,1,1km,3,"Bonjour, &#13;&#10;J'ai trouvé dommage qu'on remette des médailles des années passées aux enfants du 1km.  Aussi, il était agréable d'avoir des médailles de position pour les podiums dans les années passées.  Également, il serait bien de mentionner au début des courses l'heure à laquelle aura lieu le podium car beaucoup de gens avaient quitté.  Finalement, c'est dommage qu'ils aient décidé de faire un départ anticipé pour le 1km 7 ans et moins car les enfants ont été divisé en deux sous-vagues et plusieurs n'étaient pas prêts.&#13;&#10;Merci!"
70,"September 12, 2019 12:04 pm EDT",72.143.208.17,5,5,4,5,5,5,5,4,2,5,5,10km,5,"Beaucoup de bénévoles, beau parcours!&#13;&#10;On se sent entourés, encouragés et en sécurité."
69,"September 12, 2019 11:56 am EDT",184.163.68.197,5,4,3,5,4,4,5,4,5,4,4,"21,1km",5,Je suis heureux de voir cet événement se dérouler à Blainville! Je soutiens la décision de tenir l'événement au mois de septembre au lieu d'attendre jusqu'à tard dans le mois octobre.&#13;&#10;Les bénévoles ont fait un travail extraordinaire!
68,"September 12, 2019 11:55 am EDT",207.253.234.230,5,4,4,5,4,4,5,4,4,1,4,5km course,4,Il n'y avait plus de goûté lors de mon arrivée 
67,"September 12, 2019 11:52 am EDT",142.82.0.134,5,5,4,5,5,5,5,5,4,4,4,10km,5,"Chose que j'ai beaucoup apprécié et qu'on ne retrouve pas toujours dans les autres courses c'est la chance de pouvoir marcher un moment entre la remise des médailles et le stand à collation. Juste le fait de pouvoir marcher, sur du gazon synthétique en plus, fait que la course se termine merveilleusement bien. Ayant une pression sensible, cette transition a été plus qu'appréciée. Je vous invite à garder ce point. Je me suis inscrite sans attentes et j'avoue que ça été une agréable surprise. L'organisation est bien rodée, beaucoup de bénévoles sur le parcours. Chapeau et surtout MERCI à vous tous qui faites notre journée. C'est réussi !"
66,"September 12, 2019 11:52 am EDT",67.69.76.237,5,5,4,4,5,5,5,4,4,2,4,10km,5,"Bien organisé, super parcours ..&#13;&#10;&#13;&#10;Mettre ecran du temps réalisé plus accessible "
65,"September 12, 2019 11:51 am EDT",166.62.222.197,5,5,5,5,5,2,5,2,5,2,3,5km course,3,"pacours facile, mais peu attrayant... "
64,"September 12, 2019 11:51 am EDT",66.244.249.106,5,5,5,5,5,5,5,3,5,5,5,10km,5,
63,"September 12, 2019 11:48 am EDT",206.167.196.2,5,4,4,5,5,4,5,5,3,4,4,"21,1km",5,Je suis vraiment très satisfait!&#13;&#10;&#13;&#10;Ma seule déception... le prix des photos!
62,"September 12, 2019 11:46 am EDT",206.167.196.2,5,4,3,5,3,3,5,4,5,3,3,"21,1km",4,
61,"September 12, 2019 11:45 am EDT",64.18.85.10,4,4,3,4,4,4,5,5,5,5,5,10km,5,Merci’
60,"September 12, 2019 11:43 am EDT",174.91.219.216,5,5,5,5,5,5,5,5,4,5,5,"21,1km",5,
59,"September 12, 2019 11:41 am EDT",96.20.139.120,5,4,4,2,4,4,5,4,2,3,5,"21,1km",4,Les indications pour la course dans Blainville étaient inexistantes. Le parcours dans le parc industriel était moins agréable mais le parcours dans le boisé et le long du lac étaient très bien. Les stations d'eau et de gatorade étaient très nombreuses et les encouragements de vos bénévoles étaient les meilleurs de tous les ½ marathons que j'ai couru! Merci et à l'année prochaine!
58,"September 12, 2019 11:41 am EDT",142.225.3.253,5,4,5,5,5,5,5,4,4,4,5,"21,1km",5,
57,"September 12, 2019 11:41 am EDT",142.137.178.203,5,5,5,5,5,5,5,5,5,5,5,10km,5,Prix des photos très excessifs
56,"September 12, 2019 11:39 am EDT",204.48.78.125,5,5,4,5,5,4,5,5,3,3,4,5km course,4,Ne restait que des bananes à la fin du 5km comparativement à beaucoup plus le matin 
55,"September 12, 2019 11:39 am EDT",70.25.78.219,5,5,4,5,5,5,5,5,3,5,3,"21,1km",4,
54,"September 12, 2019 11:35 am EDT",205.151.251.55,4,2,4,4,4,3,4,4,3,3,3,5km course,4,"Je n’ai pas consulté la page Fb et n’ai pas assisté à l’hommage aux coureurs.&#13;&#10;&#13;&#10;Nous avons reçu la consigne d’aller chercher nos dossards la veille, le samedi soir!"
53,"September 12, 2019 11:33 am EDT",24.37.187.178,5,5,4,5,5,5,5,5,1,4,5,"21,1km",5,Très bonne organisation comme d'habitude. J'aime beaucoup le parcours. Merci à tous!!
52,"September 12, 2019 11:32 am EDT",184.161.215.8,5,4,4,4,3,5,5,5,5,5,5,10km,5,"Les toilettes n'étaient pas indiquées, je n'ai pas su où les trouver.&#13;&#10;Un gros merci aux bénévoles qui ont été très serviables et souriants toute la journée!&#13;&#10;L'animation était fantastique"
51,"September 12, 2019 11:32 am EDT",207.162.51.246,4,4,4,5,5,4,5,5,2,4,4,"21,1km",4,La ligne (cachée) était un peu décourageante/frustrante pour le 21 km!  Autrement c’etait une magnifique expérience! Merci bcp à tous!
50,"September 12, 2019 11:30 am EDT",67.69.76.4,5,5,5,5,5,5,5,5,5,5,5,5km course,5,
49,"September 12, 2019 11:30 am EDT",132.219.144.253,5,4,5,4,4,5,4,3,4,4,5,1km,4,
48,"September 12, 2019 11:27 am EDT",24.122.161.42,5,5,5,5,5,5,5,5,5,5,5,10km,5,Vraiment un évènement bien organisé et agréable d’y participer!&#13;&#10;Merci pour le beau dimanche qu’on a passé en famille
47,"September 12, 2019 11:25 am EDT",67.69.76.249,4,4,4,4,5,3,5,5,3,5,4,2km,4,
46,"September 12, 2019 11:24 am EDT",69.70.204.6,5,4,4,5,5,5,5,5,5,5,5,10km,5,
45,"September 12, 2019 11:23 am EDT",72.143.211.161,4,4,4,4,4,5,5,3,2,2,4,"21,1km",3,Shirt could be included and food can be better
44,"September 12, 2019 11:22 am EDT",204.48.78.202,5,4,3,4,3,5,4,1,2,5,3,10km,3,
43,"September 12, 2019 11:22 am EDT",192.226.204.42,5,5,5,3,5,5,5,4,1,1,1,,3,Quel goûter du coureur? Pour le 5KM course il n'y avait que des bananes. On m'a dit que les spectateurs avaient tout mangé.  Les bénévoles au retour de la course du 5KM étaient déjà à plier bagage à mon arrivée.  Je plains les derniers arrivés...
42,"September 12, 2019 11:22 am EDT",70.28.87.190,5,5,5,5,5,5,5,5,2,4,4,10km,4,
41,"September 12, 2019 11:21 am EDT",205.237.69.221,4,4,4,5,4,4,4,5,5,4,4,,4,
40,"September 12, 2019 11:19 am EDT",45.45.30.50,5,4,4,5,2,5,5,5,1,2,4,,4,
39,"September 12, 2019 11:16 am EDT",142.169.78.162,5,4,4,5,5,5,5,4,2,5,5,,5,
